Test Account1                                  | 118 | deleted | mss |    |        | Onboarding
Test Account2                                  | 215 |         | mss | mf |        | Onboarding
Test Account3                                | 214 | deleted | mss |    |        | Onboarding
Test Account4                                  | 147 | deleted | mss | mf |        | Onboarding
Test Account5                                  |  32 | deleted | mss |    |        | Onboarding
Test Account5                                  |  92 | deleted | mss |    |        | Onboarded
Test Account6                          | 227 | deleted | mss |    |        | Onboarded
Test Account7                           | 101 | deleted | mss |    |        | Onboarding
Test Account8                           | 146 | deleted | mss |    |        | Onboarded
Test Account8                            | 145 | deleted | mss |    |        | Onboarded
Test Account9                          | 252 | deleted | mss |    |        | Onboarding
Test Account10                             | 223 | deleted | mss |    |        | Onboarding
Test Account11                | 216 | deleted | mss |    |        | Onboarding
Test Account11                        | 253 | deleted | mss |    |        | Onboarding
Test Account12                                 |  99 | deleted | mss |    |        | Onboarding
Test Account13                                 |  94 | deleted | mss |    |        | Onboarding
Test Account14                     | 254 |         | mss |    |        | Onboarded
Test Account15                                 | 107 | deleted | mss |    |        | Onboarding
Test Account16                            |  93 | deleted | mss | mf |        | Onboarding
Test Account17                                 |  91 | deleted | mss | mf |        | Onboarding
Test Account18                   | 173 | deleted | mss |    |        | Onboarding